Company Name,Industry,Symbol,Series,ISIN Code,Tier
ABB India Ltd.,Capital Goods,ABB,EQ,INE117A01022,0
Adani Energy Solutions Ltd.,Power,ADANIENSOL,EQ,INE931S01010,0
Adani Enterprises Ltd.,Metals & Mining,ADANIENT,EQ,INE423A01024,0
Adani Green Energy Ltd.,Power,ADANIGREEN,EQ,INE364U01010,0
Adani Ports and Special Economic Zone Ltd.,Services,ADANIPORTS,EQ,INE742F01042,0
Adani Power Ltd.,Power,ADANIPOWER,EQ,INE814H01011,0
Ambuja Cements Ltd.,Construction Materials,AMBUJACEM,EQ,INE079A01024,0
Apollo Hospitals Enterprise Ltd.,Healthcare,APOLLOHOSP,EQ,INE437A01024,0
Asian Paints Ltd.,Consumer Durables,ASIANPAINT,EQ,INE021A01026,0
Avenue Supermarts Ltd.,Consumer Services,DMART,EQ,INE192R01011,0
Axis Bank Ltd.,Financial Services,AXISBANK,EQ,INE238A01034,0
Bajaj Auto Ltd.,Automobile and Auto Components,BAJAJ-AUTO,EQ,INE917I01010,0
Bajaj Finance Ltd.,Financial Services,BAJFINANCE,EQ,INE296A01032,0
Bajaj Finserv Ltd.,Financial Services,BAJAJFINSV,EQ,INE918I01026,0
Bajaj Holdings & Investment Ltd.,Financial Services,BAJAJHLDNG,EQ,INE118A01012,0
Bajaj Housing Finance Ltd.,Financial Services,BAJAJHFL,EQ,INE377Y01014,0
Bank of Baroda,Financial Services,BANKBARODA,EQ,INE028A01039,0
Bharat Electronics Ltd.,Capital Goods,BEL,EQ,INE263A01024,0
Bharat Petroleum Corporation Ltd.,Oil Gas & Consumable Fuels,BPCL,EQ,INE029A01011,0
Bharti Airtel Ltd.,Telecommunication,BHARTIARTL,EQ,INE397D01024,0
Bosch Ltd.,Automobile and Auto Components,BOSCHLTD,EQ,INE323A01026,0
Britannia Industries Ltd.,Fast Moving Consumer Goods,BRITANNIA,EQ,INE216A01030,0
CG Power and Industrial Solutions Ltd.,Capital Goods,CGPOWER,EQ,INE067A01029,0
Canara Bank,Financial Services,CANBK,EQ,INE476A01022,0
Cholamandalam Investment and Finance Company Ltd.,Financial Services,CHOLAFIN,EQ,INE121A01024,0
Cipla Ltd.,Healthcare,CIPLA,EQ,INE059A01026,0
Coal India Ltd.,Oil Gas & Consumable Fuels,COALINDIA,EQ,INE522F01014,0
DLF Ltd.,Realty,DLF,EQ,INE271C01023,0
Dabur India Ltd.,Fast Moving Consumer Goods,DABUR,EQ,INE016A01026,0
Divi's Laboratories Ltd.,Healthcare,DIVISLAB,EQ,INE361B01024,0
Dr. Reddy's Laboratories Ltd.,Healthcare,DRREDDY,EQ,INE089A01031,0
Eicher Motors Ltd.,Automobile and Auto Components,EICHERMOT,EQ,INE066A01021,0
Eternal Ltd.,Consumer Services,ETERNAL,EQ,INE758T01015,0
GAIL (India) Ltd.,Oil Gas & Consumable Fuels,GAIL,EQ,INE129A01019,0
Godrej Consumer Products Ltd.,Fast Moving Consumer Goods,GODREJCP,EQ,INE102D01028,0
Grasim Industries Ltd.,Construction Materials,GRASIM,EQ,INE047A01021,0
HCL Technologies Ltd.,Information Technology,HCLTECH,EQ,INE860A01027,0
HDFC Bank Ltd.,Financial Services,HDFCBANK,EQ,INE040A01034,0
HDFC Life Insurance Company Ltd.,Financial Services,HDFCLIFE,EQ,INE795G01014,0
Havells India Ltd.,Consumer Durables,HAVELLS,EQ,INE176B01034,0
Hero MotoCorp Ltd.,Automobile and Auto Components,HEROMOTOCO,EQ,INE158A01026,0
Hindalco Industries Ltd.,Metals & Mining,HINDALCO,EQ,INE038A01020,0
Hindustan Aeronautics Ltd.,Capital Goods,HAL,EQ,INE066F01020,0
Hindustan Unilever Ltd.,Fast Moving Consumer Goods,HINDUNILVR,EQ,INE030A01027,0
Hyundai Motor India Ltd.,Automobile and Auto Components,HYUNDAI,EQ,INE0V6F01027,0
ICICI Bank Ltd.,Financial Services,ICICIBANK,EQ,INE090A01021,0
ICICI Lombard General Insurance Company Ltd.,Financial Services,ICICIGI,EQ,INE765G01017,0
ICICI Prudential Life Insurance Company Ltd.,Financial Services,ICICIPRULI,EQ,INE726G01019,0
ITC Ltd.,Fast Moving Consumer Goods,ITC,EQ,INE154A01025,0
Indian Hotels Co. Ltd.,Consumer Services,INDHOTEL,EQ,INE053A01029,0
Indian Oil Corporation Ltd.,Oil Gas & Consumable Fuels,IOC,EQ,INE242A01010,0
Indian Railway Finance Corporation Ltd.,Financial Services,IRFC,EQ,INE053F01010,0
IndusInd Bank Ltd.,Financial Services,INDUSINDBK,EQ,INE095A01012,0
Info Edge (India) Ltd.,Consumer Services,NAUKRI,EQ,INE663F01032,0
Infosys Ltd.,Information Technology,INFY,EQ,INE009A01021,0
InterGlobe Aviation Ltd.,Services,INDIGO,EQ,INE646L01027,0
JSW Energy Ltd.,Power,JSWENERGY,EQ,INE121E01018,0
JSW Steel Ltd.,Metals & Mining,JSWSTEEL,EQ,INE019A01038,0
Jindal Steel & Power Ltd.,Metals & Mining,JINDALSTEL,EQ,INE749A01030,0
Jio Financial Services Ltd.,Financial Services,JIOFIN,EQ,INE758E01017,0
Kotak Mahindra Bank Ltd.,Financial Services,KOTAKBANK,EQ,INE237A01028,0
LTIMindtree Ltd.,Information Technology,LTIM,EQ,INE214T01019,0
Larsen & Toubro Ltd.,Construction,LT,EQ,INE018A01030,0
Life Insurance Corporation of India,Financial Services,LICI,EQ,INE0J1Y01017,0
Macrotech Developers Ltd.,Realty,LODHA,EQ,INE670K01029,0
Mahindra & Mahindra Ltd.,Automobile and Auto Components,M&M,EQ,INE101A01026,0
Maruti Suzuki India Ltd.,Automobile and Auto Components,MARUTI,EQ,INE585B01010,0
NTPC Ltd.,Power,NTPC,EQ,INE733E01010,0
Nestle India Ltd.,Fast Moving Consumer Goods,NESTLEIND,EQ,INE239A01024,0
Oil & Natural Gas Corporation Ltd.,Oil Gas & Consumable Fuels,ONGC,EQ,INE213A01029,0
Pidilite Industries Ltd.,Chemicals,PIDILITIND,EQ,INE318A01026,0
Power Finance Corporation Ltd.,Financial Services,PFC,EQ,INE134E01011,0
Power Grid Corporation of India Ltd.,Power,POWERGRID,EQ,INE752E01010,0
Punjab National Bank,Financial Services,PNB,EQ,INE160A01022,0
REC Ltd.,Financial Services,RECLTD,EQ,INE020B01018,0
Reliance Industries Ltd.,Oil Gas & Consumable Fuels,RELIANCE,EQ,INE002A01018,0
SBI Life Insurance Company Ltd.,Financial Services,SBILIFE,EQ,INE123W01016,0
Samvardhana Motherson International Ltd.,Automobile and Auto Components,MOTHERSON,EQ,INE775A01035,0
Shree Cement Ltd.,Construction Materials,SHREECEM,EQ,INE070A01015,0
Shriram Finance Ltd.,Financial Services,SHRIRAMFIN,EQ,INE721A01047,0
Siemens Ltd.,Capital Goods,SIEMENS,EQ,INE003A01024,0
State Bank of India,Financial Services,SBIN,EQ,INE062A01020,0
Sun Pharmaceutical Industries Ltd.,Healthcare,SUNPHARMA,EQ,INE044A01036,0
Swiggy Ltd.,Consumer Services,SWIGGY,EQ,INE00H001014,0
TVS Motor Company Ltd.,Automobile and Auto Components,TVSMOTOR,EQ,INE494B01023,0
Tata Consultancy Services Ltd.,Information Technology,TCS,EQ,INE467B01029,0
Tata Consumer Products Ltd.,Fast Moving Consumer Goods,TATACONSUM,EQ,INE192A01025,0
Tata Motors Ltd.,Automobile and Auto Components,TATAMOTORS,EQ,INE155A01022,0
Tata Power Co. Ltd.,Power,TATAPOWER,EQ,INE245A01021,0
Tech Mahindra Ltd.,Information Technology,TECHM,EQ,INE669C01036,0
Titan Company Ltd.,Consumer Durables,TITAN,EQ,INE280A01028,0
Torrent Pharmaceuticals Ltd.,Healthcare,TORNTPHARM,EQ,INE685A01028,0
Tata Steel Ltd.,Metals & Mining,TATASTEEL,EQ,INE081A01020,0
Trent Ltd.,Consumer Services,TRENT,EQ,INE849A01020,0
UltraTech Cement Ltd.,Construction Materials,ULTRACEMCO,EQ,INE481G01011,0
United Spirits Ltd.,Fast Moving Consumer Goods,UNITDSPR,EQ,INE854D01024,0
Varun Beverages Ltd.,Fast Moving Consumer Goods,VBL,EQ,INE200M01039,0
Vedanta Ltd.,Metals & Mining,VEDL,EQ,INE205A01025,0
Wipro Ltd.,Information Technology,WIPRO,EQ,INE075A01022,0
Zydus Lifesciences Ltd.,Healthcare,ZYDUSLIFE,EQ,INE010B01027,0
Nippon India ETF Nifty 50 BeES,Index,NIFTYBEES,EQ,INF204KB14I2,0
UTI Nifty 50 ETF,Index,UTINIFTETF,EQ,INF789F1AZC0,0
SBI Nifty 50 ETF,Index,SETFNIF50,EQ,INF200KA1FS1,0
Icici Prudential Nifty 50 Etf,Index,NIFTYIETF,EQ,INF109K012R6,0
Nippon India ETF Nifty Next 50 Junior BeES,Index,JUNIORBEES,EQ,INF732E01045,0
SBI Nifty Next 50 ETF,Index,SETFNN50,EQ,INF200KA1598,0
ICICI Prudential Nifty Next 50 ETF,Index,NEXT50IETF,EQ,INF109KC1NS5,0
Nippon India ETF Nifty Midcap 150,Index,MID150BEES,EQ,INF204KB1V68,0
Mirae Asset Nifty Midcap 150 ETF,Index,MIDCAPETF,EQ,INF769K01IC9,0
HDFC NIFTY Smallcap 250 ETF,Index,HDFCSML250,EQ,INF179KC1FB2,0
Nippon IN ETF Nifty 8-13 yr G-Sec Long Term Gilt,Bond,LTGILTBEES,EQ,INF204KB1882,0
BHARAT Bond ETF-April 2030-Growth,Bond,EBBETF0430,EQ,INF754K01KO2,0
Nippon India ETF Nifty 5 yr Benchmark G-Sec,Bond,GILT5YBEES,EQ,INF204KC1030,0
BHARAT Bond ETF-April 2031-Growth,Bond,EBBETF0431,EQ,INF754K01LE1,0
BHARAT Bond ETF-April 2032,Bond,BBETF0432,EQ,INF754K01OB1,0
Nippon India ETF Gold BeES,Gold,GOLDBEES,EQ,INF204KB17I5,0
HDFC Gold ETF,Gold,HDFCGOLD,EQ,INF179KC1981,0
Kotak Gold ETF,Gold,GOLD1,EQ,INF174KA1HJ8,0
ICICI Prudential Gold ETF,Gold,GOLDIETF,EQ,INF109KC1NT3,0
Axis Gold ETF,Gold,AXISGOLD,EQ,INF846K01W80,0
Aditya Birla Sun Life Gold ETF,Gold,BSLGOLDETF,EQ,INF209KB18D3,0
Nippon India Silver ETF,Silver,SILVERBEES,EQ,INF204KC1402,0
ICICI Prudential Silver ETF,Silver,SILVERIETF,EQ,INF109KC1Y56,0
Kotak Silver ETF,Silver,SILVER1,EQ,INF174KA1KU9,0
Aditya Birla Sun Life Silver ETF,Silver,SILVER,EQ,INF209KB19F6,0
360 ONE WAM Ltd.,Financial Services,360ONE,EQ,INE466L01038,1
3M India Ltd.,Diversified,3MINDIA,EQ,INE470A01017,1
ACC Ltd.,Construction Materials,ACC,EQ,INE012A01025,1
AIA Engineering Ltd.,Capital Goods,AIAENG,EQ,INE212H01026,1
APL Apollo Tubes Ltd.,Capital Goods,APLAPOLLO,EQ,INE702C01027,1
AU Small Finance Bank Ltd.,Financial Services,AUBANK,EQ,INE949L01017,1
AWL Agri Business Ltd.,Fast Moving Consumer Goods,AWL,EQ,INE699H01024,1
Abbott India Ltd.,Healthcare,ABBOTINDIA,EQ,INE358A01014,1
Adani Total Gas Ltd.,Oil Gas & Consumable Fuels,ATGL,EQ,INE399L01023,1
Aditya Birla Capital Ltd.,Financial Services,ABCAPITAL,EQ,INE674K01013,1
Aditya Birla Fashion and Retail Ltd.,Consumer Services,ABFRL,EQ,INE647O01011,1
Ajanta Pharmaceuticals Ltd.,Healthcare,AJANTPHARM,EQ,INE031B01049,1
Alkem Laboratories Ltd.,Healthcare,ALKEM,EQ,INE540L01014,1
Apar Industries Ltd.,Capital Goods,APARINDS,EQ,INE372A01015,1
Apollo Tyres Ltd.,Automobile and Auto Components,APOLLOTYRE,EQ,INE438A01022,1
Ashok Leyland Ltd.,Capital Goods,ASHOKLEY,EQ,INE208A01029,1
Astral Ltd.,Capital Goods,ASTRAL,EQ,INE006I01046,1
Aurobindo Pharma Ltd.,Healthcare,AUROPHARMA,EQ,INE406A01037,1
BSE Ltd.,Financial Services,BSE,EQ,INE118H01025,1
Balkrishna Industries Ltd.,Automobile and Auto Components,BALKRISIND,EQ,INE787D01026,1
Bandhan Bank Ltd.,Financial Services,BANDHANBNK,EQ,INE545U01014,1
Bank of India,Financial Services,BANKINDIA,EQ,INE084A01016,1
Bank of Maharashtra,Financial Services,MAHABANK,EQ,INE457A01014,1
Berger Paints India Ltd.,Consumer Durables,BERGEPAINT,EQ,INE463A01038,1
Bharat Dynamics Ltd.,Capital Goods,BDL,EQ,INE171Z01026,1
Bharat Forge Ltd.,Automobile and Auto Components,BHARATFORG,EQ,INE465A01025,1
Bharat Heavy Electricals Ltd.,Capital Goods,BHEL,EQ,INE257A01026,1
Bharti Hexacom Ltd.,Telecommunication,BHARTIHEXA,EQ,INE343G01021,1
Biocon Ltd.,Healthcare,BIOCON,EQ,INE376G01013,1
Blue Star Ltd.,Consumer Durables,BLUESTARCO,EQ,INE472A01039,1
CRISIL Ltd.,Financial Services,CRISIL,EQ,INE007A01025,1
Cochin Shipyard Ltd.,Capital Goods,COCHINSHIP,EQ,INE704P01025,1
Coforge Ltd.,Information Technology,COFORGE,EQ,INE591G01025,1
Colgate Palmolive (India) Ltd.,Fast Moving Consumer Goods,COLPAL,EQ,INE259A01022,1
Container Corporation of India Ltd.,Services,CONCOR,EQ,INE111A01025,1
Coromandel International Ltd.,Chemicals,COROMANDEL,EQ,INE169A01031,1
Cummins India Ltd.,Capital Goods,CUMMINSIND,EQ,INE298A01020,1
Dalmia Bharat Ltd.,Construction Materials,DALBHARAT,EQ,INE00R701025,1
Deepak Nitrite Ltd.,Chemicals,DEEPAKNTR,EQ,INE288B01029,1
Dixon Technologies (India) Ltd.,Consumer Durables,DIXON,EQ,INE935N01020,1
Emami Ltd.,Fast Moving Consumer Goods,EMAMILTD,EQ,INE548C01032,1
Endurance Technologies Ltd.,Automobile and Auto Components,ENDURANCE,EQ,INE913H01037,1
Escorts Kubota Ltd.,Capital Goods,ESCORTS,EQ,INE042A01014,1
Exide Industries Ltd.,Automobile and Auto Components,EXIDEIND,EQ,INE302A01020,1
FSN E-Commerce Ventures Ltd.,Consumer Services,NYKAA,EQ,INE388Y01029,1
Federal Bank Ltd.,Financial Services,FEDERALBNK,EQ,INE171A01029,1
Fortis Healthcare Ltd.,Healthcare,FORTIS,EQ,INE061F01013,1
GE Vernova T&D India Ltd.,Capital Goods,GVT&D,EQ,INE200A01026,1
GMR Airports Ltd.,Services,GMRAIRPORT,EQ,INE776C01039,1
General Insurance Corporation of India,Financial Services,GICRE,EQ,INE481Y01014,1
Gland Pharma Ltd.,Healthcare,GLAND,EQ,INE068V01023,1
Glaxosmithkline Pharmaceuticals Ltd.,Healthcare,GLAXO,EQ,INE159A01016,1
Glenmark Pharmaceuticals Ltd.,Healthcare,GLENMARK,EQ,INE935A01035,1
Global Health Ltd.,Healthcare,MEDANTA,EQ,INE474Q01031,1
Godrej Industries Ltd.,Diversified,GODREJIND,EQ,INE233A01035,1
Godrej Properties Ltd.,Realty,GODREJPROP,EQ,INE484J01027,1
Gujarat Fluorochemicals Ltd.,Chemicals,FLUOROCHEM,EQ,INE09N301011,1
Gujarat Gas Ltd.,Oil Gas & Consumable Fuels,GUJGASLTD,EQ,INE844O01030,1
HDFC Asset Management Company Ltd.,Financial Services,HDFCAMC,EQ,INE127D01025,1
Hindustan Petroleum Corporation Ltd.,Oil Gas & Consumable Fuels,HINDPETRO,EQ,INE094A01015,1
Hindustan Zinc Ltd.,Metals & Mining,HINDZINC,EQ,INE267A01025,1
Hitachi Energy India Ltd.,Capital Goods,POWERINDIA,EQ,INE07Y701011,1
Honeywell Automation India Ltd.,Capital Goods,HONAUT,EQ,INE671A01010,1
Housing & Urban Development Corporation Ltd.,Financial Services,HUDCO,EQ,INE031A01017,1
IDFC First Bank Ltd.,Financial Services,IDFCFIRSTB,EQ,INE092T01019,1
IRB Infrastructure Developers Ltd.,Construction,IRB,EQ,INE821I01022,1
Indian Bank,Financial Services,INDIANB,EQ,INE562A01011,1
Indian Railway Catering And Tourism Corporation Ltd.,Consumer Services,IRCTC,EQ,INE335Y01020,1
Indian Renewable Energy Development Agency Ltd.,Financial Services,IREDA,EQ,INE202E01016,1
Indraprastha Gas Ltd.,Oil Gas & Consumable Fuels,IGL,EQ,INE203G01027,1
Indus Towers Ltd.,Telecommunication,INDUSTOWER,EQ,INE121J01017,1
Ipca Laboratories Ltd.,Healthcare,IPCALAB,EQ,INE571A01038,1
J.K. Cement Ltd.,Construction Materials,JKCEMENT,EQ,INE823G01014,1
JSW Infrastructure Ltd.,Services,JSWINFRA,EQ,INE880J01026,1
Jindal Stainless Ltd.,Metals & Mining,JSL,EQ,INE220G01021,1
Jubilant Foodworks Ltd.,Consumer Services,JUBLFOOD,EQ,INE797F01020,1
K.P.R. Mill Ltd.,Textiles,KPRMILL,EQ,INE930H01031,1
KEI Industries Ltd.,Capital Goods,KEI,EQ,INE878B01027,1
KPIT Technologies Ltd.,Information Technology,KPITTECH,EQ,INE04I401011,1
Kalyan Jewellers India Ltd.,Consumer Durables,KALYANKJIL,EQ,INE303R01014,1
L&T Finance Ltd.,Financial Services,LTF,EQ,INE498L01015,1
L&T Technology Services Ltd.,Information Technology,LTTS,EQ,INE010V01017,1
LIC Housing Finance Ltd.,Financial Services,LICHSGFIN,EQ,INE115A01026,1
Linde India Ltd.,Chemicals,LINDEINDIA,EQ,INE473A01011,1
Lloyds Metals And Energy Ltd.,Metals & Mining,LLOYDSME,EQ,INE281B01032,1
Lupin Ltd.,Healthcare,LUPIN,EQ,INE326A01037,1
MRF Ltd.,Automobile and Auto Components,MRF,EQ,INE883A01011,1
Mahindra & Mahindra Financial Services Ltd.,Financial Services,M&MFIN,EQ,INE774D01024,1
Mangalore Refinery & Petrochemicals Ltd.,Oil Gas & Consumable Fuels,MRPL,EQ,INE103A01014,1
Mankind Pharma Ltd.,Healthcare,MANKIND,EQ,INE634S01028,1
Marico Ltd.,Fast Moving Consumer Goods,MARICO,EQ,INE196A01026,1
Max Financial Services Ltd.,Financial Services,MFSL,EQ,INE180A01020,1
Max Healthcare Institute Ltd.,Healthcare,MAXHEALTH,EQ,INE027H01010,1
Mazagoan Dock Shipbuilders Ltd.,Capital Goods,MAZDOCK,EQ,INE249Z01020,1
Motherson Sumi Wiring India Ltd.,Automobile and Auto Components,MSUMI,EQ,INE0FS801015,1
Motilal Oswal Financial Services Ltd.,Financial Services,MOTILALOFS,EQ,INE338I01027,1
MphasiS Ltd.,Information Technology,MPHASIS,EQ,INE356A01018,1
Muthoot Finance Ltd.,Financial Services,MUTHOOTFIN,EQ,INE414G01012,1
NHPC Ltd.,Power,NHPC,EQ,INE848E01016,1
NLC India Ltd.,Power,NLCINDIA,EQ,INE589A01014,1
NMDC Ltd.,Metals & Mining,NMDC,EQ,INE584A01023,1
NTPC Green Energy Ltd.,Power,NTPCGREEN,EQ,INE0ONG01011,1
National Aluminium Co. Ltd.,Metals & Mining,NATIONALUM,EQ,INE139A01034,1
Nippon Life India Asset Management Ltd.,Financial Services,NAM-INDIA,EQ,INE298J01013,1
Oberoi Realty Ltd.,Realty,OBEROIRLTY,EQ,INE093I01010,1
Oil India Ltd.,Oil Gas & Consumable Fuels,OIL,EQ,INE274J01014,1
Ola Electric Mobility Ltd.,Automobile and Auto Components,OLAELEC,EQ,INE0LXG01040,1
One 97 Communications Ltd.,Financial Services,PAYTM,EQ,INE982J01020,1
Oracle Financial Services Software Ltd.,Information Technology,OFSS,EQ,INE881D01027,1
PB Fintech Ltd.,Financial Services,POLICYBZR,EQ,INE417T01026,1
PI Industries Ltd.,Chemicals,PIIND,EQ,INE603J01030,1
Page Industries Ltd.,Textiles,PAGEIND,EQ,INE761H01022,1
Patanjali Foods Ltd.,Fast Moving Consumer Goods,PATANJALI,EQ,INE619A01035,1
Persistent Systems Ltd.,Information Technology,PERSISTENT,EQ,INE262H01021,1
Petronet LNG Ltd.,Oil Gas & Consumable Fuels,PETRONET,EQ,INE347G01014,1
Phoenix Mills Ltd.,Realty,PHOENIXLTD,EQ,INE211B01039,1
Polycab India Ltd.,Capital Goods,POLYCAB,EQ,INE455K01017,1
Premier Energies Ltd.,Capital Goods,PREMIERENE,EQ,INE0BS701011,1
Prestige Estates Projects Ltd.,Realty,PRESTIGE,EQ,INE811K01011,1
Rail Vikas Nigam Ltd.,Construction,RVNL,EQ,INE415G01027,1
SBI Cards and Payment Services Ltd.,Financial Services,SBICARD,EQ,INE018E01016,1
SJVN Ltd.,Power,SJVN,EQ,INE002L01015,1
SRF Ltd.,Chemicals,SRF,EQ,INE647A01010,1
Schaeffler India Ltd.,Automobile and Auto Components,SCHAEFFLER,EQ,INE513A01022,1
Solar Industries India Ltd.,Chemicals,SOLARINDS,EQ,INE343H01029,1
Sona BLW Precision Forgings Ltd.,Automobile and Auto Components,SONACOMS,EQ,INE073K01018,1
Star Health and Allied Insurance Company Ltd.,Financial Services,STARHEALTH,EQ,INE575P01011,1
Steel Authority of India Ltd.,Metals & Mining,SAIL,EQ,INE114A01011,1
Sun TV Network Ltd.,Media Entertainment & Publication,SUNTV,EQ,INE424H01027,1
Sundaram Finance Ltd.,Financial Services,SUNDARMFIN,EQ,INE660A01013,1
Supreme Industries Ltd.,Capital Goods,SUPREMEIND,EQ,INE195A01028,1
Suzlon Energy Ltd.,Capital Goods,SUZLON,EQ,INE040H01021,1
Syngene International Ltd.,Healthcare,SYNGENE,EQ,INE398R01022,1
Tata Communications Ltd.,Telecommunication,TATACOMM,EQ,INE151A01013,1
Tata Elxsi Ltd.,Information Technology,TATAELXSI,EQ,INE670A01012,1
Tata Investment Corporation Ltd.,Financial Services,TATAINVEST,EQ,INE672A01018,1
Tata Technologies Ltd.,Information Technology,TATATECH,EQ,INE142M01025,1
The New India Assurance Company Ltd.,Financial Services,NIACL,EQ,INE470Y01017,1
Thermax Ltd.,Capital Goods,THERMAX,EQ,INE152A01029,1
Tube Investments of India Ltd.,Automobile and Auto Components,TIINDIA,EQ,INE974X01010,1
UNO Minda Ltd.,Automobile and Auto Components,UNOMINDA,EQ,INE405E01023,1
UPL Ltd.,Chemicals,UPL,EQ,INE628A01036,1
Union Bank of India,Financial Services,UNIONBANK,EQ,INE692A01016,1
United Breweries Ltd.,Fast Moving Consumer Goods,UBL,EQ,INE686F01025,1
Vishal Mega Mart Ltd.,Consumer Services,VMM,EQ,INE01EA01019,1
Vodafone Idea Ltd.,Telecommunication,IDEA,EQ,INE669E01016,1
Voltas Ltd.,Consumer Durables,VOLTAS,EQ,INE226A01021,1
Waaree Energies Ltd.,Capital Goods,WAAREEENER,EQ,INE377N01017,1
Yes Bank Ltd.,Financial Services,YESBANK,EQ,INE528G01035,1
Torrent Power Ltd.,Power,TORNTPOWER,EQ,INE813H01021,1
ACME Solar Holdings Ltd.,Power,ACMESOLAR,EQ,INE622W01025,2
Aadhar Housing Finance Ltd.,Financial Services,AADHARHFC,EQ,INE883F01010,2
Aarti Industries Ltd.,Chemicals,AARTIIND,EQ,INE769A01020,2
Aavas Financiers Ltd.,Financial Services,AAVAS,EQ,INE216P01012,2
Action Construction Equipment Ltd.,Capital Goods,ACE,EQ,INE731H01025,2
Aditya Birla Real Estate Ltd.,Forest Materials,ABREL,EQ,INE055A01016,2
Aditya Birla Sun Life AMC Ltd.,Financial Services,ABSLAMC,EQ,INE404A01024,2
Aegis Logistics Ltd.,Oil Gas & Consumable Fuels,AEGISLOG,EQ,INE208C01025,2
Afcons Infrastructure Ltd.,Construction,AFCONS,EQ,INE101I01011,2
Affle 3i Ltd.,Information Technology,AFFLE,EQ,INE00WC01027,2
Akums Drugs and Pharmaceuticals Ltd.,Healthcare,AKUMS,EQ,INE09XN01023,2
Alembic Pharmaceuticals Ltd.,Healthcare,APLLTD,EQ,INE901L01018,2
Alivus Life Sciences Ltd.,Healthcare,ALIVUS,EQ,INE03Q201024,2
Alkyl Amines Chemicals Ltd.,Chemicals,ALKYLAMINE,EQ,INE150B01039,2
Alok Industries Ltd.,Textiles,ALOKINDS,EQ,INE270A01029,2
Amara Raja Energy & Mobility Ltd.,Automobile and Auto Components,ARE&M,EQ,INE885A01032,2
Amber Enterprises India Ltd.,Consumer Durables,AMBER,EQ,INE371P01015,2
Anand Rathi Wealth Ltd.,Financial Services,ANANDRATHI,EQ,INE463V01026,2
Anant Raj Ltd.,Realty,ANANTRAJ,EQ,INE242C01024,2
Angel One Ltd.,Financial Services,ANGELONE,EQ,INE732I01013,2
Aptus Value Housing Finance India Ltd.,Financial Services,APTUS,EQ,INE852O01025,2
Asahi India Glass Ltd.,Automobile and Auto Components,ASAHIINDIA,EQ,INE439A01020,2
Aster DM Healthcare Ltd.,Healthcare,ASTERDM,EQ,INE914M01019,2
AstraZenca Pharma India Ltd.,Healthcare,ASTRAZEN,EQ,INE203A01020,2
Atul Ltd.,Chemicals,ATUL,EQ,INE100A01010,2
Authum Investment & Infrastructure Ltd.,Financial Services,AIIL,EQ,INE206F01022,2
BASF India Ltd.,Chemicals,BASF,EQ,INE373A01013,2
BEML Ltd.,Capital Goods,BEML,EQ,INE258A01016,2
BLS International Services Ltd.,Consumer Services,BLS,EQ,INE153T01027,2
Balrampur Chini Mills Ltd.,Fast Moving Consumer Goods,BALRAMCHIN,EQ,INE119A01028,2
Bata India Ltd.,Consumer Durables,BATAINDIA,EQ,INE176A01028,2
Bayer Cropscience Ltd.,Chemicals,BAYERCROP,EQ,INE462A01022,2
Bikaji Foods International Ltd.,Fast Moving Consumer Goods,BIKAJI,EQ,INE00E101023,2
Birlasoft Ltd.,Information Technology,BSOFT,EQ,INE836A01035,2
Blue Dart Express Ltd.,Services,BLUEDART,EQ,INE233B01017,2
Bombay Burmah Trading Corporation Ltd.,Fast Moving Consumer Goods,BBTC,EQ,INE050A01025,2
Brainbees Solutions Ltd.,Consumer Services,FIRSTCRY,EQ,INE02RE01045,2
Brigade Enterprises Ltd.,Realty,BRIGADE,EQ,INE791I01019,2
C.E. Info Systems Ltd.,Information Technology,MAPMYINDIA,EQ,INE0BV301023,2
CCL Products (I) Ltd.,Fast Moving Consumer Goods,CCL,EQ,INE421D01022,2
CESC Ltd.,Power,CESC,EQ,INE486A01021,2
Campus Activewear Ltd.,Consumer Durables,CAMPUS,EQ,INE278Y01022,2
Can Fin Homes Ltd.,Financial Services,CANFINHOME,EQ,INE477A01020,2
Caplin Point Laboratories Ltd.,Healthcare,CAPLIPOINT,EQ,INE475E01026,2
Capri Global Capital Ltd.,Financial Services,CGCL,EQ,INE180C01042,2
Carborundum Universal Ltd.,Capital Goods,CARBORUNIV,EQ,INE120A01034,2
Castrol India Ltd.,Oil Gas & Consumable Fuels,CASTROLIND,EQ,INE172A01027,2
Ceat Ltd.,Automobile and Auto Components,CEATLTD,EQ,INE482A01020,2
Central Bank of India,Financial Services,CENTRALBK,EQ,INE483A01010,2
Central Depository Services (India) Ltd.,Financial Services,CDSL,EQ,INE736A01011,2
Century Plyboards (India) Ltd.,Consumer Durables,CENTURYPLY,EQ,INE348B01021,2
Cera Sanitaryware Ltd,Consumer Durables,CERA,EQ,INE739E01017,2
Chalet Hotels Ltd.,Consumer Services,CHALET,EQ,INE427F01016,2
Chambal Fertilizers & Chemicals Ltd.,Chemicals,CHAMBLFERT,EQ,INE085A01013,2
Chennai Petroleum Corporation Ltd.,Oil Gas & Consumable Fuels,CHENNPETRO,EQ,INE178A01016,2
Cholamandalam Financial Holdings Ltd.,Financial Services,CHOLAHLDNG,EQ,INE149A01033,2
City Union Bank Ltd.,Financial Services,CUB,EQ,INE491A01021,2
Clean Science and Technology Ltd.,Chemicals,CLEAN,EQ,INE227W01023,2
Cohance Lifesciences Ltd.,Healthcare,COHANCE,EQ,INE03QK01018,2
Computer Age Management Services Ltd.,Financial Services,CAMS,EQ,INE596I01012,2
Concord Biotech Ltd.,Healthcare,CONCORDBIO,EQ,INE338H01029,2
Craftsman Automation Ltd.,Automobile and Auto Components,CRAFTSMAN,EQ,INE00LO01017,2
CreditAccess Grameen Ltd.,Financial Services,CREDITACC,EQ,INE741K01010,2
Crompton Greaves Consumer Electricals Ltd.,Consumer Durables,CROMPTON,EQ,INE299U01018,2
Cyient Ltd.,Information Technology,CYIENT,EQ,INE136B01020,2
DCM Shriram Ltd.,Diversified,DCMSHRIRAM,EQ,INE499A01024,2
DOMS Industries Ltd.,Fast Moving Consumer Goods,DOMS,EQ,INE321T01012,2
Data Patterns (India) Ltd.,Capital Goods,DATAPATTNS,EQ,INE0IX101010,2
Deepak Fertilisers & Petrochemicals Corp. Ltd.,Chemicals,DEEPAKFERT,EQ,INE501A01019,2
Delhivery Ltd.,Services,DELHIVERY,EQ,INE148O01028,2
Devyani International Ltd.,Consumer Services,DEVYANI,EQ,INE872J01023,2
Dr. Lal Path Labs Ltd.,Healthcare,LALPATHLAB,EQ,INE600L01024,2
E.I.D. Parry (India) Ltd.,Fast Moving Consumer Goods,EIDPARRY,EQ,INE126A01031,2
EIH Ltd.,Consumer Services,EIHOTEL,EQ,INE230A01023,2
Elecon Engineering Co. Ltd.,Capital Goods,ELECON,EQ,INE205B01031,2
Elgi Equipments Ltd.,Capital Goods,ELGIEQUIP,EQ,INE285A01027,2
Emcure Pharmaceuticals Ltd.,Healthcare,EMCURE,EQ,INE168P01015,2
Engineers India Ltd.,Construction,ENGINERSIN,EQ,INE510A01028,2
Eris Lifesciences Ltd.,Healthcare,ERIS,EQ,INE406M01024,2
Fertilisers and Chemicals Travancore Ltd.,Chemicals,FACT,EQ,INE188A01015,2
Finolex Cables Ltd.,Capital Goods,FINCABLES,EQ,INE235A01022,2
Finolex Industries Ltd.,Capital Goods,FINPIPE,EQ,INE183A01024,2
Firstsource Solutions Ltd.,Services,FSL,EQ,INE684F01012,2
Five-Star Business Finance Ltd.,Financial Services,FIVESTAR,EQ,INE128S01021,2
Garden Reach Shipbuilders & Engineers Ltd.,Capital Goods,GRSE,EQ,INE382Z01011,2
Gillette India Ltd.,Fast Moving Consumer Goods,GILLETTE,EQ,INE322A01010,2
Go Digit General Insurance Ltd.,Financial Services,GODIGIT,EQ,INE03JT01014,2
Godawari Power & Ispat Ltd.,Capital Goods,GPIL,EQ,INE177H01039,2
Godfrey Phillips India Ltd.,Fast Moving Consumer Goods,GODFRYPHLP,EQ,INE260B01028,2
Godrej Agrovet Ltd.,Fast Moving Consumer Goods,GODREJAGRO,EQ,INE850D01014,2
Granules India Ltd.,Healthcare,GRANULES,EQ,INE101D01020,2
Graphite India Ltd.,Capital Goods,GRAPHITE,EQ,INE371A01025,2
Gravita India Ltd.,Metals & Mining,GRAVITA,EQ,INE024L01027,2
Great Eastern Shipping Co. Ltd.,Services,GESHIP,EQ,INE017A01032,2
Gujarat Mineral Development Corporation Ltd.,Metals & Mining,GMDCLTD,EQ,INE131A01031,2
Gujarat Narmada Valley Fertilizers and Chemicals Ltd.,Chemicals,GNFC,EQ,INE113A01013,2
Gujarat Pipavav Port Ltd.,Services,GPPL,EQ,INE517F01014,2
Gujarat State Petronet Ltd.,Oil Gas & Consumable Fuels,GSPL,EQ,INE246F01010,2
H.E.G. Ltd.,Capital Goods,HEG,EQ,INE545A01024,2
HBL Engineering Ltd.,Capital Goods,HBLENGINE,EQ,INE292B01021,2
HFCL Ltd.,Telecommunication,HFCL,EQ,INE548A01028,2
Happiest Minds Technologies Ltd.,Information Technology,HAPPSTMNDS,EQ,INE419U01012,2
Himadri Speciality Chemical Ltd.,Chemicals,HSCL,EQ,INE019C01026,2
Hindustan Copper Ltd.,Metals & Mining,HINDCOPPER,EQ,INE531E01026,2
Home First Finance Company India Ltd.,Financial Services,HOMEFIRST,EQ,INE481N01025,2
Honasa Consumer Ltd.,Fast Moving Consumer Goods,HONASA,EQ,INE0J5401028,2
IDBI Bank Ltd.,Financial Services,IDBI,EQ,INE008A01015,2
IFCI Ltd.,Financial Services,IFCI,EQ,INE039A01010,2
IIFL Finance Ltd.,Financial Services,IIFL,EQ,INE530B01024,2
INOX India Ltd.,Capital Goods,INOXINDIA,EQ,INE616N01034,2
IRCON International Ltd.,Construction,IRCON,EQ,INE962Y01021,2
ITI Ltd.,Telecommunication,ITI,EQ,INE248A01017,2
Indegene Ltd.,Healthcare,INDGN,EQ,INE065X01017,2
India Cements Ltd.,Construction Materials,INDIACEM,EQ,INE383A01012,2
Indiamart Intermesh Ltd.,Consumer Services,INDIAMART,EQ,INE933S01016,2
Indian Energy Exchange Ltd.,Financial Services,IEX,EQ,INE022Q01020,2
Indian Overseas Bank,Financial Services,IOB,EQ,INE565A01014,2
Inox Wind Ltd.,Capital Goods,INOXWIND,EQ,INE066P01011,2
Intellect Design Arena Ltd.,Information Technology,INTELLECT,EQ,INE306R01017,2
International Gemmological Institute (India) Ltd.,Services,IGIL,EQ,INE0Q9301021,2
Inventurus Knowledge Solutions Ltd.,Information Technology,IKS,EQ,INE115Q01022,2
J.B. Chemicals & Pharmaceuticals Ltd.,Healthcare,JBCHEPHARM,EQ,INE572A01036,2
JBM Auto Ltd.,Automobile and Auto Components,JBMA,EQ,INE927D01051,2
JK Tyre & Industries Ltd.,Automobile and Auto Components,JKTYRE,EQ,INE573A01042,2
JM Financial Ltd.,Financial Services,JMFINANCIL,EQ,INE780C01023,2
JSW Holdings Ltd.,Financial Services,JSWHL,BE,INE824G01012,2
Jaiprakash Power Ventures Ltd.,Power,JPPOWER,EQ,INE351F01018,2
Jammu & Kashmir Bank Ltd.,Financial Services,J&KBANK,EQ,INE168A01041,2
Jindal Saw Ltd.,Capital Goods,JINDALSAW,EQ,INE324A01032,2
Jubilant Ingrevia Ltd.,Chemicals,JUBLINGREA,EQ,INE0BY001018,2
Jubilant Pharmova Ltd.,Healthcare,JUBLPHARMA,EQ,INE700A01033,2
Jupiter Wagons Ltd.,Capital Goods,JWL,EQ,INE209L01016,2
Justdial Ltd.,Consumer Services,JUSTDIAL,EQ,INE599M01018,2
Jyothy Labs Ltd.,Fast Moving Consumer Goods,JYOTHYLAB,EQ,INE668F01031,2
Jyoti CNC Automation Ltd.,Capital Goods,JYOTICNC,EQ,INE980O01024,2
KNR Constructions Ltd.,Construction,KNRCON,EQ,INE634I01029,2
Kajaria Ceramics Ltd.,Consumer Durables,KAJARIACER,EQ,INE217B01036,2
Kalpataru Projects International Ltd.,Construction,KPIL,EQ,INE220B01022,2
Kansai Nerolac Paints Ltd.,Consumer Durables,KANSAINER,EQ,INE531A01024,2
Karur Vysya Bank Ltd.,Financial Services,KARURVYSYA,EQ,INE036D01028,2
Kaynes Technology India Ltd.,Capital Goods,KAYNES,EQ,INE918Z01012,2
Kec International Ltd.,Construction,KEC,EQ,INE389H01022,2
Kfin Technologies Ltd.,Financial Services,KFINTECH,EQ,INE138Y01010,2
Kirloskar Brothers Ltd.,Capital Goods,KIRLOSBROS,EQ,INE732A01036,2
Kirloskar Oil Eng Ltd.,Capital Goods,KIRLOSENG,EQ,INE146L01010,2
Krishna Institute of Medical Sciences Ltd.,Healthcare,KIMS,EQ,INE967H01025,2
LT Foods Ltd.,Fast Moving Consumer Goods,LTFOODS,EQ,INE818H01020,2
Latent View Analytics Ltd.,Information Technology,LATENTVIEW,EQ,INE0I7C01011,2
Laurus Labs Ltd.,Healthcare,LAURUSLABS,EQ,INE947Q01028,2
Lemon Tree Hotels Ltd.,Consumer Services,LEMONTREE,EQ,INE970X01018,2
MMTC Ltd.,Services,MMTC,BE,INE123F01029,2
Mahanagar Gas Ltd.,Oil Gas & Consumable Fuels,MGL,EQ,INE002S01010,2
Maharashtra Seamless Ltd.,Capital Goods,MAHSEAMLES,EQ,INE271B01025,2
Manappuram Finance Ltd.,Financial Services,MANAPPURAM,EQ,INE522D01027,2
Mastek Ltd.,Information Technology,MASTEK,EQ,INE759A01021,2
Metropolis Healthcare Ltd.,Healthcare,METROPOLIS,EQ,INE112L01020,2
Minda Corporation Ltd.,Automobile and Auto Components,MINDACORP,EQ,INE842C01021,2
Multi Commodity Exchange of India Ltd.,Financial Services,MCX,EQ,INE745G01035,2
NATCO Pharma Ltd.,Healthcare,NATCOPHARM,EQ,INE987B01026,2
NBCC (India) Ltd.,Construction,NBCC,EQ,INE095N01031,2
NCC Ltd.,Construction,NCC,EQ,INE868B01028,2
NMDC Steel Ltd.,Metals & Mining,NSLNISP,EQ,INE0NNS01018,2
Narayana Hrudayalaya Ltd.,Healthcare,NH,EQ,INE410P01011,2
Nava Ltd.,Power,NAVA,EQ,INE725A01030,2
Navin Fluorine International Ltd.,Chemicals,NAVINFLUOR,EQ,INE048G01026,2
Netweb Technologies India Ltd.,Information Technology,NETWEB,EQ,INE0NT901020,2
Network18 Media & Investments Ltd.,Media Entertainment & Publication,NETWORK18,EQ,INE870H01013,2
Neuland Laboratories Ltd.,Healthcare,NEULANDLAB,EQ,INE794A01010,2
Newgen Software Technologies Ltd.,Information Technology,NEWGEN,EQ,INE619B01017,2
Niva Bupa Health Insurance Company Ltd.,Financial Services,NIVABUPA,EQ,INE995S01015,2
Nuvama Wealth Management Ltd.,Financial Services,NUVAMA,EQ,INE531F01015,2
Olectra Greentech Ltd.,Automobile and Auto Components,OLECTRA,EQ,INE260D01016,2
PCBL Chemical Ltd.,Chemicals,PCBL,EQ,INE602A01031,2
PG Electroplast Ltd.,Consumer Durables,PGEL,EQ,INE457L01029,2
PNB Housing Finance Ltd.,Financial Services,PNBHOUSING,EQ,INE572E01012,2
PNC Infratech Ltd.,Construction,PNCINFRA,EQ,INE195J01029,2
PTC Industries Ltd.,Capital Goods,PTCIL,EQ,INE596F01018,2
PVR INOX Ltd.,Media Entertainment & Publication,PVRINOX,EQ,INE191H01014,2
Pfizer Ltd.,Healthcare,PFIZER,EQ,INE182A01018,2
Piramal Enterprises Ltd.,Financial Services,PEL,EQ,INE140A01024,2
Piramal Pharma Ltd.,Healthcare,PPLPHARMA,EQ,INE0DK501011,2
Poly Medicure Ltd.,Healthcare,POLYMED,EQ,INE205C01021,2
Poonawalla Fincorp Ltd.,Financial Services,POONAWALLA,EQ,INE511C01022,2
Praj Industries Ltd.,Capital Goods,PRAJIND,EQ,INE074A01025,2
R R Kabel Ltd.,Capital Goods,RRKABEL,EQ,INE777K01022,2
RBL Bank Ltd.,Financial Services,RBLBANK,EQ,INE976G01028,2
RHI MAGNESITA INDIA LTD.,Capital Goods,RHIM,EQ,INE743M01012,2
RITES Ltd.,Construction,RITES,EQ,INE320J01015,2
Radico Khaitan Ltd,Fast Moving Consumer Goods,RADICO,EQ,INE944F01028,2
Railtel Corporation Of India Ltd.,Telecommunication,RAILTEL,EQ,INE0DD101019,2
Rainbow Childrens Medicare Ltd.,Healthcare,RAINBOW,EQ,INE961O01016,2
Ramkrishna Forgings Ltd.,Automobile and Auto Components,RKFORGE,EQ,INE399G01023,2
Rashtriya Chemicals & Fertilizers Ltd.,Chemicals,RCF,EQ,INE027A01015,2
RattanIndia Enterprises Ltd.,Consumer Services,RTNINDIA,EQ,INE834M01019,2
Raymond Lifestyle Ltd.,Textiles,RAYMONDLSL,EQ,INE02ID01020,2
Raymond Ltd.,Realty,RAYMOND,EQ,INE301A01014,2
Redington Ltd.,Services,REDINGTON,EQ,INE891D01026,2
Reliance Power Ltd.,Power,RPOWER,EQ,INE614G01033,2
Route Mobile Ltd.,Telecommunication,ROUTE,EQ,INE450U01017,2
SBFC Finance Ltd.,Financial Services,SBFC,EQ,INE423Y01016,2
SKF India Ltd.,Capital Goods,SKFINDIA,EQ,INE640A01023,2
Sagility India Ltd.,Information Technology,SAGILITY,EQ,INE0W2G01015,2
Sai Life Sciences Ltd.,Healthcare,SAILIFE,EQ,INE570L01029,2
Sammaan Capital Ltd.,Financial Services,SAMMAANCAP,EQ,INE148I01020,2
Sapphire Foods India Ltd.,Consumer Services,SAPPHIRE,EQ,INE806T01020,2
Sarda Energy and Minerals Ltd.,Metals & Mining,SARDAEN,EQ,INE385C01021,2
Saregama India Ltd,Media Entertainment & Publication,SAREGAMA,EQ,INE979A01025,2
Schneider Electric Infrastructure Ltd.,Capital Goods,SCHNEIDER,EQ,INE839M01018,2
Shipping Corporation of India Ltd.,Services,SCI,EQ,INE109A01011,2
Shree Renuka Sugars Ltd.,Fast Moving Consumer Goods,RENUKA,EQ,INE087H01022,2
Shyam Metalics and Energy Ltd.,Capital Goods,SHYAMMETL,EQ,INE810G01011,2
Signatureglobal (India) Ltd.,Realty,SIGNATURE,EQ,INE903U01023,2
Sobha Ltd.,Realty,SOBHA,EQ,INE671H01015,2
Sonata Software Ltd.,Information Technology,SONATSOFTW,EQ,INE269A01021,2
Sterling and Wilson Renewable Energy Ltd.,Construction,SWSOLAR,EQ,INE00M201021,2
Sumitomo Chemical India Ltd.,Chemicals,SUMICHEM,EQ,INE258G01013,2
Sundram Fasteners Ltd.,Automobile and Auto Components,SUNDRMFAST,EQ,INE387A01021,2
Swan Energy Ltd.,Chemicals,SWANENERGY,EQ,INE665A01038,2
Syrma SGS Technology Ltd.,Capital Goods,SYRMA,EQ,INE0DYJ01015,2
TBO Tek Ltd.,Consumer Services,TBOTEK,EQ,INE673O01025,2
Tanla Platforms Ltd.,Information Technology,TANLA,EQ,INE483C01032,2
Tata Chemicals Ltd.,Chemicals,TATACHEM,EQ,INE092A01019,2
Tata Teleservices (Maharashtra) Ltd.,Telecommunication,TTML,EQ,INE517B01013,2
Techno Electric & Engineering Company Ltd.,Construction,TECHNOE,EQ,INE285K01026,2
Tejas Networks Ltd.,Telecommunication,TEJASNET,EQ,INE010J01012,2
The Ramco Cements Ltd.,Construction Materials,RAMCOCEM,EQ,INE331A01037,2
Timken India Ltd.,Capital Goods,TIMKEN,EQ,INE325A01013,2
Titagarh Rail Systems Ltd.,Capital Goods,TITAGARH,EQ,INE615H01020,2
Transformers And Rectifiers (India) Ltd.,Capital Goods,TARIL,EQ,INE763I01026,2
Trident Ltd.,Textiles,TRIDENT,EQ,INE064C01022,2
Triveni Engineering & Industries Ltd.,Fast Moving Consumer Goods,TRIVENI,EQ,INE256C01024,2
Triveni Turbine Ltd.,Capital Goods,TRITURBINE,EQ,INE152M01016,2
UCO Bank,Financial Services,UCOBANK,EQ,INE691A01018,2
UTI Asset Management Company Ltd.,Financial Services,UTIAMC,EQ,INE094J01016,2
Usha Martin Ltd.,Capital Goods,USHAMART,EQ,INE228A01035,2
V-Guard Industries Ltd.,Consumer Durables,VGUARD,EQ,INE951I01027,2
Valor Estate Ltd.,Consumer Services,DBREALTY,EQ,INE879I01012,2
Vardhman Textiles Ltd.,Textiles,VTL,EQ,INE825A01020,2
Vedant Fashions Ltd.,Consumer Services,MANYAVAR,EQ,INE825V01034,2
Vijaya Diagnostic Centre Ltd.,Healthcare,VIJAYA,EQ,INE043W01024,2
Welspun Corp Ltd.,Capital Goods,WELCORP,EQ,INE191B01025,2
Welspun Living Ltd.,Textiles,WELSPUNLIV,EQ,INE192B01031,2
Westlife Foodworld Ltd.,Consumer Services,WESTLIFE,EQ,INE274F01020,2
Whirlpool of India Ltd.,Consumer Durables,WHIRLPOOL,EQ,INE716A01013,2
Wockhardt Ltd.,Healthcare,WOCKPHARMA,EQ,INE049B01025,2
ZF Commercial Vehicle Control Systems India Ltd.,Automobile and Auto Components,ZFCVINDIA,EQ,INE342J01019,2
Zee Entertainment Enterprises Ltd.,Media Entertainment & Publication,ZEEL,EQ,INE256A01028,2
Zen Technologies Ltd.,Capital Goods,ZENTEC,EQ,INE251B01027,2
Zensar Technolgies Ltd.,Information Technology,ZENSARTECH,EQ,INE520A01027,2
eClerx Services Ltd.,Services,ECLERX,EQ,INE738I01010,2
AGI Greenpac Ltd.,Capital Goods,AGI,EQ,INE415A01038,3
ASK Automotive Ltd.,Automobile and Auto Components,ASKAUTOLTD,EQ,INE491J01022,3
Aarti Drugs Ltd.,Healthcare,AARTIDRUGS,EQ,INE767A01016,3
Aarti Pharmalabs Ltd.,Healthcare,AARTIPHARM,EQ,INE0LRU01027,3
Acutaas Chemicals Ltd.,Healthcare,ACUTAAS,EQ,INE00FF01025,3
Aditya Vision Ltd.,Consumer Services,AVL,EQ,INE679V01027,3
Advanced Enzyme Tech Ltd.,Healthcare,ADVENZYMES,EQ,INE837H01020,3
Aether Industries Ltd.,Chemicals,AETHER,EQ,INE0BWX01014,3
Ahluwalia Contracts (India) Ltd.,Construction,AHLUCONT,EQ,INE758C01029,3
Akzo Nobel India Ltd.,Consumer Durables,AKZOINDIA,EQ,INE133A01011,3
Allcargo Logistics Ltd.,Services,ALLCARGO,EQ,INE418H01029,3
Allied Blenders and Distillers Ltd.,Fast Moving Consumer Goods,ABDL,EQ,INE552Z01027,3
Apeejay Surrendra Park Hotels Ltd.,Consumer Services,PARKHOTELS,EQ,INE988S01028,3
Archean Chemical Industries Ltd.,Chemicals,ACI,EQ,INE128X01021,3
Arvind Fashions Ltd.,Consumer Services,ARVINDFASN,EQ,INE955V01021,3
Arvind Ltd.,Textiles,ARVIND,EQ,INE034A01011,3
Ashoka Buildcon Ltd.,Construction,ASHOKA,EQ,INE442H01029,3
Astra Microwave Products Ltd.,Capital Goods,ASTRAMICRO,EQ,INE386C01029,3
Aurionpro Solution Ltd.,Information Technology,AURIONPRO,EQ,INE132H01018,3
Avalon Technologies Ltd.,Capital Goods,AVALON,EQ,INE0LCL01028,3
Avanti Feeds Ltd.,Fast Moving Consumer Goods,AVANTIFEED,EQ,INE871C01038,3
Awfis Space Solutions Ltd.,Services,AWFIS,EQ,INE108V01019,3
Azad Engineering Ltd.,Capital Goods,AZAD,EQ,INE02IJ01035,3
Bajaj Hindusthan Sugar Ltd.,Fast Moving Consumer Goods,BAJAJHIND,EQ,INE306A01021,3
Balaji Amines Ltd.,Chemicals,BALAMINES,EQ,INE050E01027,3
Balu Forge Industries Ltd.,Capital Goods,BALUFORGE,BE,INE011E01029,3
Banco Products (India) Ltd.,Automobile and Auto Components,BANCOINDIA,EQ,INE213C01025,3
Bansal Wire Industries Ltd.,Capital Goods,BANSALWIRE,EQ,INE0B9K01025,3
Bhansali Engineering Polymers Ltd.,Chemicals,BEPL,EQ,INE922A01025,3
Bharat Bijlee Ltd.,Capital Goods,BBL,EQ,INE464A01036,3
Birla Corporation Ltd.,Construction Materials,BIRLACORPN,EQ,INE340A01012,3
Blue Jet Healthcare Ltd.,Healthcare,BLUEJET,EQ,INE0KBH01020,3
Bombay Dyeing & Manufacturing Co. Ltd.,Textiles,BOMDYEING,EQ,INE032A01023,3
Borosil Ltd.,Consumer Durables,BOROLTD,EQ,INE02PY01013,3
Borosil Renewables Ltd.,Capital Goods,BORORENEW,EQ,INE666D01022,3
CIE Automotive India Ltd.,Automobile and Auto Components,CIEINDIA,EQ,INE536H01010,3
CMS Info Systems Ltd.,Services,CMSINFO,EQ,INE925R01014,3
CSB Bank Ltd.,Financial Services,CSBBANK,EQ,INE679A01013,3
Cartrade Tech Ltd.,Consumer Services,CARTRADE,EQ,INE290S01011,3
Ceigall India Ltd.,Construction,CEIGALL,EQ,INE0AG901020,3
Cello World Ltd.,Consumer Durables,CELLO,EQ,INE0LMW01024,3
Chemplast Sanmar Ltd.,Chemicals,CHEMPLASTS,EQ,INE488A01050,3
Choice International Ltd.,Financial Services,CHOICEIN,EQ,INE102B01014,3
Cigniti Technologies Ltd.,Information Technology,CIGNITITEC,EQ,INE675C01017,3
Cyient DLM Ltd.,Capital Goods,CYIENTDLM,EQ,INE055S01018,3
DCB Bank Ltd.,Financial Services,DCBBANK,EQ,INE503A01015,3
DCX Systems Ltd.,Capital Goods,DCXINDIA,EQ,INE0KL801015,3
Datamatics Global Services Ltd.,Information Technology,DATAMATICS,EQ,INE365B01017,3
Dhani Services Ltd.,Financial Services,DHANI,EQ,INE274G01010,3
Dilip Buildcon Ltd.,Construction,DBL,EQ,INE917M01012,3
Dishman Carbogen Amcis Ltd.,Healthcare,DCAL,BE,INE385W01011,3
Dodla Dairy Ltd.,Fast Moving Consumer Goods,DODLA,EQ,INE021O01019,3
Dynamatic Technologies Ltd.,Capital Goods,DYNAMATECH,EQ,INE221B01012,3
EPL Ltd.,Capital Goods,EPL,EQ,INE255A01020,3
Easy Trip Planners Ltd.,Consumer Services,EASEMYTRIP,EQ,INE07O001026,3
Edelweiss Financial Services Ltd.,Financial Services,EDELWEISS,EQ,INE532F01054,3
Electronics Mart India Ltd.,Consumer Services,EMIL,EQ,INE02YR01019,3
Electrosteel Castings Ltd.,Capital Goods,ELECTCAST,EQ,INE086A01029,3
Embassy Developments Ltd.,Realty,EMBDL,EQ,INE069I01010,3
Entero Healthcare Solutions Ltd.,Consumer Services,ENTERO,EQ,INE010601016,3
Enviro Infra Engineers Ltd.,Utilities,EIEL,EQ,INE0LLY01014,3
Epigral Ltd.,Chemicals,EPIGRAL,EQ,INE071N01016,3
Equitas Small Finance Bank Ltd.,Financial Services,EQUITASBNK,EQ,INE063P01018,3
Ethos Ltd.,Consumer Durables,ETHOSLTD,EQ,INE04TZ01018,3
Eureka Forbes Ltd.,Consumer Durables,EUREKAFORB,EQ,INE0KCE01017,3
FDC Ltd.,Healthcare,FDC,EQ,INE258B01022,3
Fiem Industries Ltd,Automobile and Auto Components,FIEMIND,EQ,INE737H01014,3
Fine Organic Industries Ltd.,Chemicals,FINEORG,EQ,INE686Y01026,3
Fineotex Chemical Ltd.,Chemicals,FCL,EQ,INE045J01026,3
Force Motors Ltd.,Automobile and Auto Components,FORCEMOT,EQ,INE451A01017,3
G R Infraprojects Ltd.,Construction,GRINFRA,EQ,INE201P01022,3
GHCL Ltd.,Chemicals,GHCL,EQ,INE539A01019,3
GMM Pfaudler Ltd.,Capital Goods,GMMPFAUDLR,EQ,INE541A01023,3
GMR Power and Urban Infra Ltd.,Power,GMRP&UI,EQ,INE0CU601026,3
Gabriel India Ltd.,Automobile and Auto Components,GABRIEL,EQ,INE524A01029,3
Ganesh Housing Corporation Ltd.,Realty,GANESHHOUC,EQ,INE460C01014,3
Ganesha Ecosphere Ltd.,Textiles,GANECOS,EQ,INE845D01014,3
Garware Hi-Tech Films Ltd.,Capital Goods,GRWRHITECH,EQ,INE291A01017,3
Garware Technical Fibres Ltd.,Textiles,GARFIBRES,EQ,INE276A01018,3
Gateway Distriparks Ltd.,Services,GATEWAY,EQ,INE079J01017,3
Gokaldas Exports Ltd.,Textiles,GOKEX,EQ,INE887G01027,3
Gopal Snacks Ltd.,Fast Moving Consumer Goods,GOPAL,EQ,INE0L9R01028,3
Greaves Cotton Ltd.,Capital Goods,GREAVESCOT,EQ,INE224A01026,3
Greenpanel Industries Ltd.,Consumer Durables,GREENPANEL,EQ,INE08ZM01014,3
Greenply Industries Ltd.,Consumer Durables,GREENPLY,EQ,INE461C01038,3
Gujarat Ambuja Exports Ltd.,Fast Moving Consumer Goods,GAEL,EQ,INE036B01030,3
Gujarat State Fertilizers & Chemicals Ltd.,Chemicals,GSFC,EQ,INE026A01025,3
Gulf Oil Lubricants India Ltd.,Oil Gas & Consumable Fuels,GULFOILLUB,EQ,INE635Q01029,3
H.G. Infra Engineering Ltd.,Construction,HGINFRA,EQ,INE926X01010,3
Hathway Cable & Datacom Ltd.,Media Entertainment & Publication,HATHWAY,EQ,INE982F01036,3
Healthcare Global Enterprises Ltd.,Healthcare,HCG,EQ,INE075I01017,3
HeidelbergCement India Ltd.,Construction Materials,HEIDELBERG,EQ,INE578A01017,3
Hemisphere Properties India Ltd.,Services,HEMIPROP,EQ,INE0AJG01018,3
Heritage Foods Ltd.,Fast Moving Consumer Goods,HERITGFOOD,EQ,INE978A01027,3
Hikal Ltd.,Healthcare,HIKAL,EQ,INE475B01022,3
Hindustan Construction Co. Ltd.,Construction,HCC,BE,INE549A01026,3
IFB Industries Ltd.,Consumer Durables,IFBIND,EQ,INE559A01017,3
IIFL Capital Services Ltd.,Financial Services,IIFLCAPS,EQ,INE489L01022,3
ITD Cementation India Ltd.,Construction,ITDCEM,EQ,INE686A01026,3
Imagicaaworld Entertainment Ltd.,Consumer Services,IMAGICAA,EQ,INE172N01012,3
India Glycols Ltd.,Fast Moving Consumer Goods,INDIAGLYCO,EQ,INE560A01015,3
India Shelter Finance Corporation Ltd.,Financial Services,INDIASHLTR,EQ,INE922K01024,3
Indian Metals & Ferro Alloys Ltd.,Metals & Mining,IMFA,EQ,INE919H01018,3
Indigo Paints Ltd.,Consumer Durables,INDIGOPNTS,EQ,INE09VQ01012,3
Indo Count Industries Ltd.,Textiles,ICIL,EQ,INE483B01026,3
Infibeam Avenues Ltd.,Financial Services,INFIBEAM,EQ,INE483S01020,3
Ingersoll Rand (India) Ltd.,Capital Goods,INGERRAND,EQ,INE177A01018,3
Innova Captab Ltd.,Healthcare,INNOVACAP,EQ,INE0DUT01020,3
Inox Green Energy Services Ltd.,Power,INOXGREEN,BE,INE510W01014,3
Ion Exchange (India) Ltd.,Utilities,IONEXCHANG,EQ,INE570A01022,3
Isgec Heavy Engineering Ltd.,Construction,ISGEC,EQ,INE858B01029,3
J.Kumar Infraprojects Ltd.,Construction,JKIL,EQ,INE576I01022,3
JK Lakshmi Cement Ltd.,Construction Materials,JKLAKSHMI,EQ,INE786A01032,3
JK Paper Ltd.,Forest Materials,JKPAPER,EQ,INE789E01012,3
JTL Industries Ltd.,Capital Goods,JTLIND,EQ,INE391J01032,3
Jai Balaji Industries Ltd.,Metals & Mining,JAIBALAJI,EQ,INE091G01026,3
Jai Corp Ltd.,Capital Goods,JAICORPLTD,EQ,INE070D01027,3
Jain Irrigation Systems Ltd.,Capital Goods,JISLJALEQS,EQ,INE175A01038,3
Jamna Auto Industries Ltd.,Automobile and Auto Components,JAMNAAUTO,EQ,INE039C01032,3
Jana Small Finance Bank Ltd.,Financial Services,JSFB,EQ,INE953L01027,3
Jindal Worldwide Ltd.,Textiles,JINDWORLD,EQ,INE247D01039,3
Johnson Controls - Hitachi Air Conditioning India Ltd.,Consumer Durables,JCHAC,EQ,INE782A01015,3
KPI Green Energy Ltd.,Power,KPIGREEN,EQ,INE542W01025,3
KRBL Ltd.,Fast Moving Consumer Goods,KRBL,EQ,INE001B01026,3
KSB Ltd.,Capital Goods,KSB,EQ,INE999A01023,3
Kalyani Steels Ltd.,Capital Goods,KSL,EQ,INE907A01026,3
Karnataka Bank Ltd.,Financial Services,KTKBANK,EQ,INE614B01018,3
Kaveri Seed Company Ltd.,Fast Moving Consumer Goods,KSCL,EQ,INE455I01029,3
Kirloskar Pneumatic Company Ltd.,Capital Goods,KIRLPNU,EQ,INE811A01020,3
LMW Ltd.,Capital Goods,LMW,EQ,INE269B01029,3
Laxmi Organic Industries Ltd.,Chemicals,LXCHEM,EQ,INE576O01020,3
Le Travenues Technology Ltd.,Consumer Services,IXIGO,EQ,INE0HV901016,3
Lloyds Engineering Works Ltd.,Capital Goods,LLOYDSENGG,EQ,INE093R01011,3
Lloyds Enterprises Ltd.,Metals & Mining,LLOYDSENT,EQ,INE080I01025,3
Lux Industries Ltd.,Textiles,LUXIND,EQ,INE150G01020,3
MOIL Ltd.,Metals & Mining,MOIL,EQ,INE490G01020,3
MSTC Ltd.,Services,MSTCLTD,EQ,INE255X01014,3
MTAR Technologies Ltd.,Capital Goods,MTARTECH,EQ,INE864I01014,3
Maharashtra Scooters Ltd.,Financial Services,MAHSCOOTER,EQ,INE288A01013,3
Mahindra Lifespace Developers Ltd.,Realty,MAHLIFE,EQ,INE813A01018,3
Man Infraconstruction Ltd.,Construction,MANINFRA,EQ,INE949H01023,3
Marksans Pharma Ltd.,Healthcare,MARKSANS,EQ,INE750C01026,3
Max Estates Ltd.,Realty,MAXESTATES,EQ,INE03EI01018,3
Medplus Health Services Ltd.,Consumer Services,MEDPLUS,EQ,INE804L01022,3
Mishra Dhatu Nigam Ltd.,Capital Goods,MIDHANI,EQ,INE099Z01011,3
Mrs. Bectors Food Specialities Ltd.,Fast Moving Consumer Goods,BECTORFOOD,EQ,INE495P01012,3
NEOGEN CHEMICALS LTD.,Chemicals,NEOGEN,EQ,INE136S01016,3
NESCO Ltd.,Services,NESCO,EQ,INE317F01035,3
NOCIL Ltd.,Chemicals,NOCIL,EQ,INE163A01018,3
National Fertilizers Ltd.,Chemicals,NFL,EQ,INE870D01012,3
Nazara Technologies Ltd.,Media Entertainment & Publication,NAZARA,EQ,INE418L01021,3
Nuvoco Vistas Corporation Ltd.,Construction Materials,NUVOCO,EQ,INE118D01016,3
Optiemus Infracom Ltd.,Telecommunication,OPTIEMUS,EQ,INE350C01017,3
Orchid Pharma Ltd.,Healthcare,ORCHPHARMA,EQ,INE191A01027,3
Orient Cement Ltd.,Construction Materials,ORIENTCEM,EQ,INE876N01018,3
Orissa Min Dev Co Ltd.,Metals & Mining,ORISSAMINE,EQ,INE725E01024,3
P N Gadgil Jewellers Ltd.,Consumer Durables,PNGJL,EQ,INE953R01016,3
PC Jeweller Ltd.,Consumer Durables,PCJEWELLER,EQ,INE785M01021,3
PTC India Ltd.,Power,PTC,EQ,INE877F01012,3
Paisalo Digital Ltd.,Financial Services,PAISALO,EQ,INE420C01059,3
Paradeep Phosphates Ltd.,Chemicals,PARADEEP,EQ,INE088F01024,3
Paras Defence and Space Technologies Ltd.,Capital Goods,PARAS,EQ,INE045601023,3
Patel Engineering Ltd.,Construction,PATELENG,EQ,INE244B01030,3
Pearl Global Industries Ltd.,Textiles,PGIL,EQ,INE940H01022,3
Polyplex Corporation Ltd.,Capital Goods,POLYPLEX,EQ,INE633B01018,3
Power Mech Projects Ltd.,Construction,POWERMECH,EQ,INE211R01019,3
Pricol Ltd.,Automobile and Auto Components,PRICOLLTD,EQ,INE726V01018,3
Prince Pipes and Fittings Ltd.,Capital Goods,PRINCEPIPE,EQ,INE689W01016,3
Prism Johnson Ltd.,Construction Materials,PRSMJOHNSN,EQ,INE010A01011,3
Prudent Corporate Advisory Services Ltd.,Financial Services,PRUDENT,EQ,INE00F201020,3
Rain Industries Ltd,Chemicals,RAIN,EQ,INE855B01025,3
Rajesh Exports Ltd.,Consumer Durables,RAJESHEXPO,EQ,INE343B01030,3
Rallis India Ltd.,Chemicals,RALLIS,EQ,INE613A01020,3
Rategain Travel Technologies Ltd.,Information Technology,RATEGAIN,EQ,INE0CLI01024,3
RattanIndia Power Ltd.,Power,RTNPOWER,EQ,INE399K01017,3
Redtape Ltd.,Consumer Durables,REDTAPE,EQ,INE0LXT01019,3
Refex Industries Ltd.,Chemicals,REFEX,EQ,INE056I01025,3
Reliance Infrastructure Ltd.,Power,RELINFRA,BE,INE036A01016,3
Religare Enterprises Ltd.,Financial Services,RELIGARE,EQ,INE621H01010,3
Responsive Industries Ltd.,Consumer Durables,RESPONIND,EQ,INE688D01026,3
Restaurant Brands Asia Ltd.,Consumer Services,RBA,EQ,INE07T201019,3
Rossari Biotech Ltd.,Chemicals,ROSSARI,EQ,INE02A801020,3
Safari Industries (India) Ltd.,Consumer Durables,SAFARI,EQ,INE429E01023,3
Samhi Hotels Ltd.,Consumer Services,SAMHI,EQ,INE08U801020,3
Sanofi Consumer Healthcare India Ltd.,Healthcare,SANOFICONR,EQ,INE0UOS01011,3
Sanofi India Ltd.,Healthcare,SANOFI,EQ,INE058A01010,3
Sansera Engineering Ltd.,Automobile and Auto Components,SANSERA,EQ,INE953O01021,3
Senco Gold Ltd.,Consumer Durables,SENCO,EQ,INE602W01027,3
Sequent Scientific Ltd.,Healthcare,SEQUENT,EQ,INE807F01027,3
Shaily Engineering Plastics Ltd.,Capital Goods,SHAILY,EQ,INE151G01028,3
Shakti Pumps (India) Ltd.,Capital Goods,SHAKTIPUMP,EQ,INE908D01010,3
Sharda Cropchem Ltd.,Chemicals,SHARDACROP,EQ,INE221J01015,3
Share India Securities Ltd.,Financial Services,SHAREINDIA,EQ,INE932X01026,3
Sheela Foam Ltd.,Consumer Durables,SFL,EQ,INE916U01025,3
Shilpa Medicare Ltd.,Healthcare,SHILPAMED,BE,INE790G01031,3
Shivalik Bimetal Controls Ltd.,Capital Goods,SBCL,EQ,INE386D01027,3
Shoppers Stop Ltd.,Consumer Services,SHOPERSTOP,EQ,INE498B01024,3
Shriram Pistons & Rings Ltd.,Automobile and Auto Components,SHRIPISTON,EQ,INE526E01018,3
Skipper Ltd.,Capital Goods,SKIPPER,EQ,INE439E01022,3
South Indian Bank Ltd.,Financial Services,SOUTHBANK,EQ,INE683A01023,3
Spandana Sphoorty Financial Ltd.,Financial Services,SPANDANA,EQ,INE572J01011,3
Star Cement Ltd.,Construction Materials,STARCEMENT,EQ,INE460H01021,3
Sterlite Technologies Ltd.,Telecommunication,STLTECH,EQ,INE089C01029,3
Strides Pharma Science Ltd.,Healthcare,STAR,EQ,INE939A01011,3
Stylam Industries Ltd.,Consumer Durables,STYLAMIND,EQ,INE239C01020,3
Subros Ltd.,Capital Goods,SUBROS,EQ,INE287B01021,3
Sudarshan Chemical Industries Ltd.,Chemicals,SUDARSCHEM,EQ,INE659A01023,3
Sula Vineyards Ltd.,Fast Moving Consumer Goods,SULA,EQ,INE142Q01026,3
Sun Pharma Advanced Research Company Ltd.,Healthcare,SPARC,EQ,INE232I01014,3
Sunflag Iron & Steel Company Ltd.,Capital Goods,SUNFLAG,EQ,INE947A01014,3
Sunteck Realty Ltd.,Realty,SUNTECK,EQ,INE805D01034,3
Suprajit Engineering Ltd.,Automobile and Auto Components,SUPRAJIT,EQ,INE399C01030,3
Supriya Lifescience Ltd.,Healthcare,SUPRIYA,EQ,INE07RO01027,3
Surya Roshni Ltd.,Capital Goods,SURYAROSNI,EQ,INE335A01020,3
Symphony Ltd.,Consumer Durables,SYMPHONY,EQ,INE225D01027,3
TARC Ltd.,Realty,TARC,EQ,INE0EK901012,3
TD Power Systems Ltd.,Capital Goods,TDPOWERSYS,EQ,INE419M01027,3
TVS Supply Chain Solutions Ltd.,Services,TVSSCS,EQ,INE395N01027,3
Teamlease Services Ltd.,Services,TEAMLEASE,EQ,INE985S01024,3
Technocraft Industries (India) Ltd.,Capital Goods,TIIL,EQ,INE545H01011,3
Tega Industries Ltd.,Capital Goods,TEGA,EQ,INE011K01018,3
Texmaco Rail & Eng. Ltd.,Capital Goods,TEXRAIL,EQ,INE621L01012,3
Thangamayil Jewellery Ltd.,Consumer Durables,THANGAMAYL,EQ,INE085J01014,3
The Anup Engineering Ltd.,Capital Goods,ANUP,EQ,INE294Z01018,3
Thirumalai Chemicals Ltd.,Chemicals,TIRUMALCHM,EQ,INE338A01024,3
Thomas Cook (India) Ltd.,Consumer Services,THOMASCOOK,EQ,INE332A01027,3
Tilaknagar Industries Ltd.,Fast Moving Consumer Goods,TI,EQ,INE133E01013,3
Time Technoplast Ltd.,Capital Goods,TIMETECHNO,EQ,INE508G01029,3
Tips Music Ltd.,Media Entertainment & Publication,TIPSMUSIC,EQ,INE716B01029,3
Transrail Lighting Ltd.,Capital Goods,TRANSRAILL,EQ,INE454P01035,3
Ujjivan Small Finance Bank Ltd.,Financial Services,UJJIVANSFB,EQ,INE551W01018,3
Unimech Aerospace and Manufacturing Ltd.,Capital Goods,UNIMECH,BE,INE0U3I01011,3
V-Mart Retail Ltd.,Consumer Services,VMART,EQ,INE665J01013,3
V.I.P. Industries Ltd.,Consumer Durables,VIPIND,EQ,INE054A01027,3
VST Industries Ltd.,Fast Moving Consumer Goods,VSTIND,EQ,INE710A01016,3
Va Tech Wabag Ltd.,Utilities,WABAG,EQ,INE956G01038,3
Vaibhav Global Ltd.,Consumer Durables,VAIBHAVGBL,EQ,INE884A01027,3
Varroc Engineering Ltd.,Automobile and Auto Components,VARROC,EQ,INE665L01035,3
Ventive Hospitality Ltd.,Consumer Services,VENTIVE,EQ,INE781S01027,3
Venus Pipes & Tubes Ltd.,Capital Goods,VENUSPIPES,EQ,INE0JA001018,3
Vesuvius India Ltd.,Capital Goods,VESUVIUS,EQ,INE386A01023,3
Voltamp Transformers Ltd,Capital Goods,VOLTAMP,EQ,INE540H01012,3
Websol Energy System Ltd.,Capital Goods,WEBELSOLAR,EQ,INE855C01015,3
Welspun Enterprises Ltd.,Construction,WELENT,EQ,INE625G01013,3
Wonderla Holidays Ltd.,Consumer Services,WONDERLA,EQ,INE066O01014,3
Yatharth Hospital & Trauma Care Services Ltd.,Healthcare,YATHARTH,EQ,INE0JO301016,3
Zaggle Prepaid Ocean Services Ltd.,Information Technology,ZAGGLE,EQ,INE07K301024,3
Zinka Logistics Solutions Ltd.,Services,BLACKBUCK,EQ,INE0UIZ01018,3
Zydus Wellness Ltd.,Fast Moving Consumer Goods,ZYDUSWELL,EQ,INE768C01010,3
eMudhra Ltd.,Information Technology,EMUDHRA,EQ,INE01QM01018,3